canonical_smiles,SMILES_state,NLL,qed,sa_score,lipinski_violations,has_pains,has_brenk,predict_bbb
O=C(O)CC1CCCC(=O)C1,1,19.98,0.6535679486188075,3.66181,0,False,False,True
CCOC(=O)C(C#N)c1ccccc1NC,1,25.54,0.7838554346875849,4.98256,0,False,False,True
CCC=Cc1ccccc1O,1,20.02,0.6833276653921455,3.58205,0,False,False,True
CC=Cc1ccc(F)cc1O,1,22.59,0.6552469932947795,3.3216799999999997,0,False,False,True
FCCOc1ccccc1,1,18.74,0.6238178868640024,3.8015699999999994,0,False,False,True
CC(C)(C)OC(=O)C1CCCC=C1C(=O)O,1,25.89,0.7325479916088002,4.562719999999999,0,False,False,True
Cc1cccc(N(C)c2ccncn2)c1,1,25.22,0.7439045784477115,4.59257,0,False,False,True
Fc1ccc2nnc(C3CC3)nc2c1,1,23.59,0.688605986163238,4.69193,0,False,False,True
CC(=O)Nc1sc2c(c1C#N)CCC(C)C2,1,21.72,0.8118689794315803,4.74324,0,False,False,True
CCC(Oc1ccc(Cl)cc1)C(=O)O,1,20.36,0.8381642258546546,4.84648,0,False,False,True
Cc1cc(Br)nc(N2CCCC2)n1,1,21.87,0.7063209477891391,4.7212,0,False,False,True
CN(C)c1nc2ccccc2c(=O)o1,1,19.35,0.6786275814851676,4.202019999999999,0,False,False,True
CC(CN)c1cccc(Cl)c1F,1,25.2,0.7568354815784392,3.97645,0,False,False,True
O=C1CCC(Cc2ccccc2)N1,1,16.97,0.7248733626915355,4.352310000000001,0,False,False,True
CCc1c(C)nc(=N)[nH]c1N1CCC(F)C1,1,24.02,0.7954022680963759,4.842829999999999,0,False,False,True
CN(C)CC1COc2ccccc2O1,1,19.0,0.7081013560419813,4.53246,0,False,False,True
N#CCC(=O)Nc1ccc2ccccc2c1,1,22.35,0.8280074694668906,4.80236,0,False,False,True
CC1(C(=O)O)COC(c2ccc(Cl)cc2)=N1,1,19.85,0.8583624170480961,4.99658,0,False,False,True
Cc1[nH]c(=N)nc2c1CCc1cc(Cl)ccc1-2,1,24.31,0.7366237341097915,4.957129999999999,0,False,False,True
Cc1noc2c1C(c1ccco1)CC(=O)N2,1,23.15,0.794861337789603,4.98212,0,False,False,True
Cn1c(-c2ccsc2)c[nH]c1=N,1,20.46,0.667074302299731,4.09248,0,False,False,True
Cc1cccc(C(C)C)c1NC1=NCCN1,1,18.98,0.7981741295626908,4.87316,0,False,False,True
CCn1c(=O)oc2cc(Cl)ccc21,1,22.14,0.7031480371840969,4.27621,0,False,False,True
Cc1cccc(-c2[nH]nc3c2CCC3)n1,1,22.2,0.7650575282689539,4.7925699999999996,0,False,False,True
CNc1cc(Cl)c2c(C)[nH]nc2c1,1,27.49,0.7345140115407832,4.25653,0,False,False,True
Clc1cccc(Cl)c1NC1=NCCN1,1,16.89,0.7764264211073745,4.70098,0,False,False,True
Cc1ccc2c3c(c(=O)[nH]c2c1)NCCO3,1,24.26,0.7035200926560988,4.6624,0,False,False,True
CN(C)Cc1c[nH]c2ccc(O)cc12,1,20.78,0.759196477064146,4.50246,0,False,False,True
Nc1cccnc1N1CCCCC1,1,18.05,0.7089183955375542,4.072509999999999,0,False,False,True
O=C1CCCN(c2cccc(O)c2)N1,1,21.11,0.6981916655022028,4.22218,0,False,False,True
CC(C)NC(=O)N1CCc2ccccc2C1,1,21.47,0.7694096115466603,4.683,0,False,False,True
CCN=c1cc[nH]c2ccccc12,1,20.59,0.6819490710504728,4.02231,0,False,False,True
O=C(O)c1cc(Cl)n(-c2ccccc2)n1,1,22.29,0.8478342336630296,4.82631,0,False,False,True
Cc1cc(=Nc2ccccn2)[nH]cn1,1,20.47,0.7303456039870065,4.16218,0,False,False,True
CS(=O)(=O)c1ccc(-c2cccnc2)cc1,1,18.02,0.7981167255169778,4.93292,0,False,False,True
N#Cc1cc(-c2ccc(Cl)cc2)nc(=N)[nH]1,1,21.88,0.7870020502376892,4.606580000000001,0,False,False,True
N=c1cnc(-c2c(F)cccc2F)c[nH]1,1,16.71,0.735993385163449,4.371830000000001,0,False,False,True
c1ccc(C2CCCNC2)cc1,1,15.74,0.6651786504669045,3.91248,0,False,False,True
COc1ccc2c(=O)cc(C)[nH]c2c1,1,18.16,0.7433578427764436,4.19214,0,False,False,True
c1ccc(CSC2=NCCCN2)nc1,1,22.48,0.8011455274454506,4.77302,0,False,False,True
CN(C)c1ccc(C(F)(F)F)cc1,1,18.34,0.6561523019181045,3.7918,0,False,False,True
N#Cc1c(-c2ccc(Cl)cc2)cc(=O)[nH]c1O,1,20.2,0.8103443225724025,4.76653,0,False,False,True
O=C(Nc1ccc(F)cc1)C1CCC1,1,20.46,0.767961907159513,4.632209999999999,0,False,False,True
CN(C)c1ccc(C(=O)O)cc1,1,16.07,0.7206235970224402,3.75192,0,False,False,True
O=C1CC(O)CC(C=Cc2ccc(F)cc2)O1,1,20.06,0.7976829123768313,4.96242,0,False,False,True
CC(C)N(C)C(=O)Nc1ccccc1,1,22.25,0.7669653951149946,4.22262,0,False,False,True
CC1(C)c2ccccc2C(N)C12OCCO2,1,24.79,0.7222664404375158,4.6928399999999995,0,False,False,True
O=c1[nH]c(-c2ccccc2)cc2nc[nH]c12,1,21.61,0.6455389521532341,4.912240000000001,0,False,False,True
COC(=O)c1cc2ccc(=O)oc2o1,1,22.52,0.6370726001522264,4.341419999999999,0,False,False,True
CC(C)(C)OC(=O)N=c1[nH]c2ccccc2[nH]1,1,19.55,0.7327263289280044,4.632709999999999,0,False,False,True
CCN(C)C(=O)c1ccc2[nH]c(O)cc2c1,1,26.43,0.809197304859451,4.88256,0,False,False,True
COc1cc(N=O)cc(OC)c1OC,1,21.5,0.6933936239609179,4.671899999999999,0,False,False,True
COc1ccc(C)c2sc(=NC(C)=O)[nH]c12,1,21.18,0.8228880565152838,4.76296,0,False,False,True
Cc1sc2nc(C)n(N)c(=O)c2c1C,1,18.84,0.6607549108771751,4.092739999999999,0,False,False,True
COC(=O)CC1CNc2ccccc21,1,21.27,0.7237291695045464,4.612299999999999,0,False,False,True
CC1Cn2c(=O)[nH]c3cccc(c32)CN1C,1,21.07,0.7191939855666623,4.67272,0,False,False,True
Cc1cc(C)n(-c2cc(C)[nH]n2)n1,1,20.64,0.7156636434130209,4.06223,0,False,False,True
COc1ccc(N=c2cc[nH]cc2C)cc1,1,23.35,0.8192202285337064,4.74268,0,False,False,True
Cc1cc(Cl)ccc1OC(C)C(=O)O,1,21.18,0.841129822929286,4.54648,0,False,False,True
CC1CCN(Cc2ccccc2)CC1,1,17.7,0.6911413251415612,4.49302,0,False,False,True
c1n[nH]cc1-c1cc2c[nH]cc2cn1,1,24.98,0.6069046816987199,4.6420200000000005,0,False,False,True
CCc1ncccc1O,1,18.06,0.6110458310612592,3.0315499999999993,0,False,False,True
COc1ccc(CN)cc1Br,1,19.25,0.8189817523462231,4.2607800000000005,0,False,False,True
Cc1ccc2c(=O)c3c([nH]c2n1)CC(C)(C)CC3,1,22.93,0.7717378239095366,4.923219999999999,0,False,False,True
CC(C)(C)c1ccc(CNS(C)(=O)=O)cc1,1,21.46,0.8798606873883131,4.91356,0,False,False,True
Clc1ccc(N2CCNCC2)cc1Cl,1,17.08,0.7978613745561537,4.61126,0,False,False,True
O=C(Cc1ccccc1)N=c1cncc[nH]1,1,20.54,0.811071360176003,4.8324,0,False,False,True
CC(C)C(=O)N=c1cc[nH]cc1,1,18.12,0.6632876509148851,3.54208,0,False,False,True
Cc1cc(Cl)ccc1NC1=NCCN1,1,19.89,0.7426974097618586,4.4968,0,False,False,True
COc1cccc2c1CCC(N)C2=O,1,19.11,0.7240903326417675,4.2123,0,False,False,True
Cc1ccc2nc(-c3ccccn3)[nH]c2c1,1,19.58,0.6690880364610478,4.892520000000001,0,False,False,True
Oc1ccc2c(c1)CCNC1CCCCC21,1,19.69,0.6997308056419801,4.673119999999999,0,False,False,True
CCC(C)(C(=O)NC(N)=O)c1ccccc1,1,26.85,0.8107396091628215,4.802720000000001,0,False,False,True
CCCNC(=O)N1C=CC(=O)C(C)C1,1,27.46,0.7196311942302301,4.262499999999999,0,False,False,True
CC(N)c1nc(-c2ccccc2)no1,1,22.58,0.781233317194562,4.49218,0,False,False,True
Cc1cc2c(cc1C)NC(N)=NC2,1,17.97,0.6280956395526195,3.75235,0,False,False,True
COc1cc(C(C)O)ccc1O,1,20.49,0.7023331541226042,3.78192,0,False,False,True
O=C(c1cccc(O)c1)C1CCC1,1,22.09,0.7022382650315369,4.36215,0,False,False,True
COC(=O)c1ccn(-c2ccccc2)c1N,1,19.48,0.7791738620690047,4.862399999999999,0,False,False,True
CCCc1nc(C)cc(C)c1C#N,1,20.97,0.6903862176954091,3.84247,0,False,False,True
N#CC(c1cccc(F)c1)N1CCCCC1,1,21.0,0.762801484739197,4.782749999999999,0,False,False,True
O=C(Nc1ccc(Cl)cc1)c1ncc[nH]1,1,22.75,0.8177847257672843,4.91647,0,False,False,True
O=C(N=c1nccc[nH]1)c1ccccc1F,1,19.83,0.7819927768385367,4.57203,0,False,False,True
O=C1CSC(c2ccc(Cl)cc2)N1,1,16.69,0.775188892292132,4.43689,0,False,False,True
Cc1cccc(SC(C)C(=O)O)c1,1,21.23,0.7548018831725161,4.36271,0,False,False,True
O=c1nc(-c2cccs2)[nH]c2cc[nH]c12,1,25.95,0.654333622642873,4.972530000000001,0,False,False,True
CCOc1ccccc1-n1cc(C)cn1,1,24.96,0.7644941481873063,4.92257,0,False,False,True
NC1CCCc2cc(F)ccc21,1,21.62,0.6259999701787532,3.6521100000000004,0,False,False,True
Fc1ccc2c(c1)CN1CCCC1=N2,1,18.07,0.6132272506263445,4.40221,0,False,False,True
CC1C2Cc3ccc(O)cc3C1(C)CCN2C,1,18.67,0.7414676389159356,4.81339,0,False,False,True
Cc1cc(C)c2c(c1)C(=O)N(C)CC2,1,22.72,0.6103842875426496,3.8925799999999997,0,False,False,True
CCCCN1CCCC(CC)C1,1,22.15,0.625224897449587,4.39312,0,False,False,True
O=C1CCc2c(O)cccc2N1,1,19.72,0.6048219592319912,3.63176,0,False,False,True
COc1cc(O)c2c(=O)c(C)coc2c1,1,22.19,0.7725959827476178,4.3619699999999995,0,False,False,True
O=C(O)C1=C2CCCCC2CS1,1,24.09,0.6788532036137729,4.1426,0,False,False,True
Cc1c(-c2ccc(F)cc2)cnn(C)c1=O,1,26.06,0.7322674623552082,4.48231,0,False,False,True
COC(=O)C1=CCCCC1C1CCCO1,1,27.4,0.6543902011855388,4.8027299999999995,0,False,False,True
Cc1cc2c(=O)n3c(nc2s1)CCCC3,1,19.09,0.6811860209177723,4.70297,0,False,False,True
Nc1cc(-c2ccccc2Cl)cc(O)c(=O)c1,1,24.47,0.814364681191163,4.77681,0,False,False,True
C(=Cc1c[nH]cn1)c1ccccn1,1,17.65,0.7501323494636659,4.31203,0,False,False,True
CC1(C)CC(NC(=O)OC(C)(C)C)CC(C)(C)N1,1,19.64,0.7582275514910234,4.6639,0,False,False,True
O=C(O)c1ccc(O)cc1,1,15.9,0.6102585058580265,3.1812199999999997,0,False,False,True
CCN=c1nc(Cl)[nH]c(N(CC)CC)n1,1,22.53,0.844980384205887,4.9971499999999995,0,False,False,True
O=C(N=c1cncc[nH]1)C1CCCCC1,1,19.28,0.7533302384072287,4.45261,0,False,False,True
CNC(=O)c1nc2cc(C)ccc2o1,1,26.46,0.74083882340599,4.302020000000001,0,False,False,True
Cc1nc2c(o1)CC(C(C)C)CC2O,1,27.9,0.7470828230960231,4.25262,0,False,False,True
Fc1ccc(-c2nn[nH]n2)cc1,1,16.6,0.6837262805341697,3.9414300000000004,0,False,False,True
O=c1ccn(-c2cc(Cl)cc(Cl)c2)c(=O)[nH]1,1,19.04,0.8467990040931824,4.87076,0,False,False,True
COc1cc2cc(=O)[nH]c(C)c2cc1OC,1,17.85,0.8382048834415556,4.7924,0,False,False,True
CC(C)c1[nH]c(-c2cccnc2)nc(=O)c1O,1,20.44,0.8234111202543327,4.9125499999999995,0,False,False,True
CC(=O)N1N=C(c2cccs2)SC1(C)C,1,20.31,0.7558187122793,4.80353,0,False,False,True
COc1ccc(O)c(C(=O)N(C)C)c1,1,22.05,0.7684186010213593,4.1521799999999995,0,False,False,True
Cc1ncc2c(n1)CN(C(=O)OC(C)(C)C)CC2,1,24.11,0.7060591919081202,4.793139999999999,0,False,False,True
Oc1cc2c(cc1F)CCN1CCCC21,1,23.39,0.7047828091133312,4.57248,0,False,False,True
NC1CCNCC1c1ccccc1,1,19.75,0.6719469977774177,4.06263,0,False,False,True
Cc1ccc(NC(=O)CN(C)C)cc1C,1,21.38,0.8175956281036982,4.5628899999999994,0,False,False,True
Oc1cccc(N2Cc3ccccc3C2)c1,1,19.55,0.783578692652322,4.912640000000001,0,False,False,True
c1cnc(N2CCC3(CCCC3)CC2)cn1,1,21.94,0.7238141257847553,4.97316,0,False,False,True
Cc1c(O)nnn1-c1ccc(Cl)cc1,1,21.95,0.78103974375939,4.3963600000000005,0,False,False,True
CC(=O)c1cc2c(cc1CO)OC(C)(C)CO2,1,25.83,0.7970749910144842,4.962669999999999,0,False,False,True
COC(=O)C1CC(c2ccccc2)=NO1,1,19.75,0.684593731653212,4.752129999999999,0,False,False,True
COc1cc(C(C)C)c(C)c(O)c1CO,1,25.21,0.8045827006513414,4.50273,0,False,False,True
O=C(N=c1cccc[nH]1)c1ccccc1,1,17.53,0.7451075824290704,4.38225,0,False,False,True
CC(O)C(C)CCc1ccc(O)cc1O,1,25.61,0.7123969434777386,4.80273,0,False,False,True
CC1(C)Cc2ccc3ccccc3c2C(=O)N1,1,21.32,0.7335150222919864,4.75291,0,False,False,True
c1ccc(CC2CCCNC2)cc1,1,17.46,0.7264970733490659,4.35275,0,False,False,True
N#CCC(=O)Nc1ccccc1,1,19.46,0.7129295520788452,3.80176,0,False,False,True
CCC(=O)NC1CCc2cc(O)ccc2C1,1,20.57,0.7961490956132095,4.89284,0,False,False,True
Cc1sc2ncnc(N3CCC3)c2c1C,1,21.43,0.7376655164389715,4.993129999999999,0,False,False,True
O=C1CCC(C(=O)N2CCCCCC2)C1,1,23.6,0.6595763427499053,4.492889999999999,0,False,False,True
Cc1c(-c2ccco2)oc(O)c1O,1,20.64,0.7058388652451157,4.10159,0,False,False,True
c1ccc2cc(-c3nn[nH]n3)ccc2c1,1,19.03,0.6473789295391943,4.762130000000001,0,False,False,True
Cc1ccc(N(C)S(=O)(=O)N(C)C)c(C)c1,1,22.98,0.8065291046705395,4.82344,0,False,False,True
Cc1cc(C)cc(NC(=O)N=c2cco[nH]2)c1,1,21.24,0.790434308140641,4.81255,0,False,False,True
NC1COCC1c1ccccc1,1,21.42,0.6731641797419567,3.9322,0,False,False,True
c1ccc(-n2ncc3c2CCSC3)cc1,1,20.42,0.7290483000694382,4.963089999999999,0,False,False,True
O=C(N=c1cccc[nH]1)Nc1ccc(Cl)cc1,1,19.61,0.7999362852805321,4.97685,0,False,False,True
CC12C=C(C(=O)O)CCC1C(C)(C)C(C)(O)CC2,1,26.42,0.7539644009624674,4.8235399999999995,0,False,False,True
FC(F)(F)c1ccc(C2=NCCN2)cc1,1,17.83,0.7597821003458843,4.5419,0,False,False,True
N=c1c2c([nH]c3ccccc13)CCCC2,1,16.21,0.6527598032479969,4.482689999999999,0,False,False,True
Oc1cccc(C23CCCC(C2)NC3)c1,1,19.94,0.732883889903593,4.8328500000000005,0,False,False,True
CC1(C)Nc2ccccc2C(=O)CN1O,1,24.54,0.6783153915656576,4.06245,0,False,False,True
Fc1ccc(-c2nc[nH]n2)c(F)c1,1,21.36,0.7276418847512444,4.11145,0,False,False,True
O=c1nc(-c2cccs2)cc[nH]1,1,18.57,0.7188178671697129,4.08216,0,False,False,True
O=C(N=c1cc[nH]cc1)Oc1ccc(O)cc1,1,25.85,0.7841849458761375,4.80223,0,False,False,True
Oc1ccc(C2SCCS2)cc1,1,19.03,0.7490080595013254,4.28312,0,False,False,True
C=c1c(C#N)c(O)n(-c2c(C)cc(C)cc2C)c1=C,1,18.78,0.8410089732905606,4.823169999999999,0,False,False,True
O=C1C=Cc2ccc(O)c3cccc1c23,1,20.49,0.7029810347333356,4.46205,0,False,False,True
CCn1c(=O)[nH]c2cc(C)ccc2c1=O,1,24.19,0.7535236557643302,4.34229,0,False,False,True
CC(C)NCC(O)c1cc(Cl)ccc1O,1,21.15,0.7411356768743472,4.997069999999999,0,False,False,True
O=C1CCOC(c2ccccc2)C1,1,19.72,0.6546602386651608,4.062149999999999,0,False,False,True
CCCN1C2CCC1C(C)OC2C,1,23.47,0.6492972821980791,4.43295,0,False,False,True
COC(=O)COc1cccc(Cl)c1,1,21.7,0.6994544364864274,4.50621,0,False,False,True
COc1cc(Cl)c2c(c1)OCCCC2=O,1,26.44,0.7387398667015036,4.56659,0,False,False,True
CC(F)(F)Cc1ccnc2[nH]ccc12,1,31.65,0.7855665620957909,4.562,0,False,False,True
CN(C)C1=NC(c2ccccc2)CN1,1,20.26,0.7196546581662397,4.29262,0,False,False,True
Nc1cncc2ccccc12,1,21.67,0.6120847733236583,3.4417699999999996,0,False,False,True
FC(F)(F)c1cccc(C2NCCN2)c1,1,20.28,0.7487575616975701,4.562060000000001,0,False,False,True
CC(C(=O)O)c1ccn2cccc(O)c12,1,29.18,0.7857855456725122,4.65213,0,False,False,True
CCCn1cnc2c(C)cc(=O)oc21,1,22.27,0.727269042028068,4.52218,0,False,False,True
COc1ccccc1NC1=NCCN1,1,17.45,0.7345544404032985,4.61234,0,False,False,True
CCOC(=O)c1scc(N)c1C,1,22.78,0.7148277138020329,4.052479999999999,0,False,False,True
Cc1csc(C(=O)c2nc(C)c(C)s2)n1,1,28.03,0.7554905668357386,4.98337,0,False,False,True
Cc1ccc2c(C)c(O)oc2n1,1,27.19,0.6468050731250086,3.63176,0,False,False,True
CCOc1ccc2[nH]c(=N)sc2c1,1,17.07,0.7553667363713433,4.542590000000001,0,False,False,True
Cn1c(-c2ccc(Cl)cc2)n[nH]c1=O,1,18.0,0.7726430286152746,4.39636,0,False,False,True
Cc1[nH]c(=O)n(-c2ccc(Cl)cn2)c1O,1,25.46,0.7669173540199954,4.55635,0,False,False,True
Cc1cc(=NC(=O)c2ccco2)[nH]o1,1,19.51,0.7385526597761016,4.32174,0,False,False,True
O=C(O)c1ccc2c(c1)OCCCO2,1,20.53,0.7363754462705041,4.241859999999999,0,False,False,True
Cc1nn(-c2ccccc2)cc1C(=O)O,1,18.6,0.8084175250914112,4.62213,0,False,False,True
CC(O)Cn1c(CO)cc2ccccc21,1,23.56,0.797512096721955,4.95257,0,False,False,True
c1csc(C2CN3CCC2C3)n1,1,21.95,0.6517759789606649,4.60276,0,False,False,True
Oc1ccc(O)n1-c1ccc(Br)cn1,1,19.35,0.8193086521830633,4.85071,0,False,False,True
Cc1c(C#N)c(=O)[nH]c2c(Br)csc12,1,24.91,0.7984996828476462,4.69123,0,False,False,True
OCc1ccc2c(c1)C1CNCC2C1,1,20.04,0.6986957840145472,4.6925799999999995,0,False,False,True
COC(=O)N=c1c(C(C)C)c[nH]c2ccccc12,1,28.69,0.8380427530087019,4.94294,0,False,False,True
CN=c1cnc2c3cccc(Cl)c3nn2[nH]1,1,29.61,0.638075325286924,4.83662,0,False,False,True
Cc1cc(C)[nH]c(=Nc2ccc(Cl)cn2)n1,1,20.06,0.8233454835528088,4.6469000000000005,0,False,False,True
CCCNC1CC(C)CCC1O,1,21.73,0.6747727134329166,4.11284,0,False,False,True
Cc1nc(C)c(CN2CCOCC2)nc1C,1,19.21,0.7527117069256073,4.813039999999999,0,False,False,True
Cc1cc2ccc3[nH]ncc3c(=O)c2cc1C,1,25.14,0.6377591160114378,4.74263,0,False,False,True
C=Cc1ccccc1O,1,19.57,0.6008410434031132,3.0015099999999997,0,False,False,True
CC(C)C(N)Cc1ccccc1,1,18.97,0.7260759533097332,4.03264,0,False,False,True
Cc1ccnc2c(-c3ncon3)nccc12,1,29.69,0.6167318062058206,4.9221200000000005,0,False,False,True
Cc1cc2c(cc1C)N(C)C(=O)CNC2=O,1,22.94,0.7061638638576647,4.18256,0,False,False,True
O=c1c(Cl)c(Cl)[nH]n1-c1cccnc1,1,21.09,0.8123122809637477,4.6005400000000005,0,False,False,True
Cc1cc(C(C)C)c(C#N)c(=O)[nH]1,1,17.77,0.70727589544042,3.5621899999999997,0,False,False,True
CCCn1cccc1-c1cc[nH]n1,1,25.91,0.7624799261944547,4.65235,0,False,False,True
CCSc1ccccc1O,1,19.19,0.6603463987659982,3.64234,0,False,False,True
CC(=O)OC1(c2ccccc2)CCNCC1,1,20.0,0.7711126627319683,4.89284,0,False,False,True
CC(=O)NCc1nc2c(C)cccc2s1,1,25.95,0.8429764699421715,4.90297,0,False,False,True
COc1ccc(CCC(=O)O)cc1,1,17.71,0.7668173670595781,4.5020299999999995,0,False,False,True
CC(C)(C)c1cc(CO)c(CO)cn1,1,23.94,0.7488994347503386,4.15262,0,False,False,True
O=c1cc(Oc2ccc(Cl)cc2)c(=O)[nH][nH]1,1,21.6,0.8327888856717238,4.9863,0,False,False,True
COc1ccc(Cn2ccnc2)cc1,1,16.61,0.7356161726903796,4.782299999999999,0,False,False,True
CCCCC(=O)c1ccccc1O,1,19.52,0.7196293356770074,4.48231,0,False,False,True
CNC(=O)c1ccc(C)cc1,1,17.63,0.6413143419975228,3.3919299999999994,0,False,False,True
Cc1nc(N2CCN(C)CC2)nc(C)c1Cl,1,21.03,0.7448831564377347,4.707380000000001,0,False,False,True
CCN1CCNC(c2cccc(O)c2)=NC1,1,23.95,0.7804780335538343,4.79288,0,False,False,True
Cc1ccc(NC(=O)C(C)(O)C(F)(F)F)cc1C,1,22.29,0.8591579254497662,4.91243,0,False,False,True
N=c1nc(C=Cc2ccccc2)cc[nH]1,1,17.37,0.7602745064312445,4.5724100000000005,0,False,False,True
Cc1[nH]c(=O)n(C)c1-c1cccs1,1,20.54,0.7375188071742498,4.24259,0,False,False,True
CCOc1ccccc1CC,1,21.84,0.6432681116372203,3.9022099999999993,0,False,False,True
Cc1cccc(C)c1NC(=O)c1nc[nH]n1,1,19.93,0.8017693740293781,4.862439999999999,0,False,False,True
CC(=O)Cc1ccc(Cl)cc1,1,19.71,0.6632919700708488,3.78623,0,False,False,True
CCc1ccc2n1CC1CCN(C)C21,1,26.99,0.6577832317550272,4.7029,0,False,False,True
O=c1oc(-c2cccc(Cl)c2)ns1,1,20.29,0.7308184958772631,4.436450000000001,0,False,False,True
Cc1cccc(-n2nnc3ccccc32)c1,1,20.21,0.6166002455044157,4.892520000000001,0,False,False,True
OCc1c(F)cc(-c2cccc(O)c2)cc1F,1,23.61,0.8412642270054547,4.96217,0,False,False,True
CCCC(C)C(=O)NCCC(=O)O,1,24.15,0.6518817673628685,4.77239,0,False,False,True
COc1cc(C(F)(F)F)oc(=O)c1,1,19.26,0.6820520332948156,3.8410800000000003,0,False,False,True
CC1(C)CN(Cc2ccc[nH]c2=N)CC1(C)O,1,25.63,0.7181889849389883,4.95331,0,False,False,True
COC(=O)CC1OC(=O)C(C)=CC1C,1,22.89,0.6223529569382708,4.18218,0,False,False,True
Cc1nc(-c2ccco2)sc1C(=O)O,1,22.34,0.8244274481123032,4.692259999999999,0,False,False,True
COc1cc(CO)c(O)c2ccccc12,1,23.4,0.786640357420601,4.642250000000001,0,False,False,True
Fc1ccc(-c2nnn3c2OCC3)cc1,1,23.22,0.707446718952049,4.85192,0,False,False,True
CN1CCCC1c1cnccn1,1,19.37,0.6234563537114021,3.93224,0,False,False,True
Cc1ccc2c(=O)c(Cl)c[nH]c2n1,1,23.81,0.6962639785530248,3.9462100000000007,0,False,False,True
c1cc(-c2ccc3c(c2)CCCO3)n[nH]1,1,23.33,0.7671529733894705,4.80241,0,False,False,True
Cc1cccc2[nH]cc(CS(N)(=O)=O)c12,1,27.21,0.805434105698006,4.84285,0,False,False,True
Cc1c(S(N)(=O)=O)sc2ccc(Cl)cc12,1,22.51,0.8574554488241779,4.91755,0,False,False,True
O=C(O)c1cc2c(cn1)oc1ccccc12,1,22.04,0.6745057806825474,4.93192,0,False,False,True
Cc1c(N2CCCCC2)nnc2[nH]ccc12,1,30.17,0.7948583983255407,4.96288,0,False,False,True
O=C(O)CCc1cccc2ccccc12,1,18.79,0.8267043821545591,4.9023699999999995,0,False,False,True
FC(F)(F)c1ccc(-n2cnnn2)cc1,1,20.23,0.7248897591419247,4.541500000000001,0,False,False,True
CNS(=O)(=O)c1ccc(Cl)c(F)c1,1,23.07,0.8237214600573785,4.33656,0,False,False,True
CC1CNc2c(sc3ccccc23)C(=O)N1,1,17.61,0.7322051511582899,4.82308,0,False,False,True
CC(=O)Nc1cccc(C(F)(F)F)c1,1,19.0,0.746416298605068,4.03163,0,False,False,True
Cc1ccc2[nH]c(=O)cc(C(=O)O)c2c1,1,20.41,0.7379696417471155,4.33197,0,False,False,True
O=S(=O)(c1ccccc1)n1cccc1,1,18.26,0.7518234751867032,4.67254,0,False,False,True
Cc1c(O)cc(N(C)C)c2cccc(O)c12,1,27.35,0.7713358747871982,4.47268,0,False,False,True
C=Cc1nc2cc3nc[nH]c3cc2[nH]1,1,26.51,0.6079197081015549,4.6420200000000005,0,False,False,True
CC(C)N(C)Cc1c[nH]c2ncccc12,1,24.71,0.8303173115685494,4.93289,0,False,False,True
CNC1Cc2ccc(Cl)cc2C1O,1,21.62,0.7157403418934037,4.27665,0,False,False,True
Cc1ccc(C)c(NC(=O)CN)c1,1,20.9,0.7145882749210387,3.98235,0,False,False,True
CC1CCN=C2C(O)c3ccccc3C21,1,29.96,0.6860012427108468,4.51269,0,False,False,True
FC(F)(F)c1c[nH]c(-c2cccnc2)n1,1,19.16,0.7901424630380186,4.53162,0,False,False,True
CN1C2CCC=C(c3ccco3)C1CC2,1,23.49,0.6974323151104614,4.8328500000000005,0,False,False,True
COc1ccccc1Oc1c[nH][nH]c1=N,1,24.12,0.7119018842093836,4.952170000000001,0,False,False,True
CC1C(O)CCCC1c1ccc(CO)cc1,1,26.89,0.803366844099948,4.80312,0,False,False,True
COC(=O)c1cc2cc(Cl)ccc2[nH]1,1,20.6,0.7339870140745923,4.496320000000001,0,False,False,True
c1ccc2[nH]c(-c3cc[nH]n3)nc2c1,1,19.41,0.6069046816987199,4.6420200000000005,0,False,False,True
CCCc1nc2ccccc2o1,1,18.79,0.6764581986550724,4.21204,0,False,False,True
Cn1ncc2c1-c1sc(Cl)cc1CC2,1,24.53,0.6730275572506198,4.747159999999999,0,False,False,True
Cn1ccc(Cl)c1C(=O)O,1,21.97,0.672807488196297,3.39572,0,False,False,True
Cc1ccc2[nH]cc(C(=O)O)c(=O)c2c1,1,20.44,0.7379696417471155,4.33197,0,False,False,True
NC(=O)CN1CCCC1c1ccccc1,1,20.95,0.8065112495507545,4.94273,0,False,False,True
O=C1C=CCC(c2ccc(F)cc2)O1,1,17.81,0.6383162541427939,4.22189,0,False,False,True
CN(C)CCc1cccn1C,1,20.09,0.6300434922296688,3.9224099999999993,0,False,False,True
CN(C)c1ncnc2nc(Cl)cnc12,1,22.77,0.7051457210523642,4.3964,0,False,False,True
CC(C)OC(=O)c1c[nH]c2ncccc12,1,20.65,0.7621889219360002,4.74229,0,False,False,True
CN=c1nc2c3ccccc3nc(C)n2[nH]1,1,24.5,0.6064506538226871,4.63244,0,False,False,True
c1cc2cc3c(cc2[nH]1)C1CNCC3C1,1,22.64,0.6678189099139974,4.98269,0,False,False,True
c1cc(N2CCC3CCNCC3C2)ccn1,1,23.98,0.772746824745447,4.97316,0,False,False,True
CCCc1nc(C)cc(=O)[nH]1,1,18.44,0.6875647138002043,3.62197,0,False,False,True
CCOC(=O)c1nc(=O)c2ccccc2[nH]1,1,18.15,0.7659198619681958,4.8821200000000005,0,False,False,True
Cc1cc(C)c(=O)n(C(=O)c2ccco2)n1,1,26.72,0.7195387406414234,4.582120000000001,0,False,False,True
CC(=O)CCC(=O)c1ccc(O)cc1,1,22.15,0.7415335287046181,4.62214,0,False,False,True
CCC(C)C(N=c1cc(C)cc[nH]1)C(=O)O,1,26.41,0.8142779185930152,4.922879999999999,0,False,False,True
Cc1ccc(-c2ccc(=O)[nH]n2)cc1Cl,1,23.07,0.8023058090807609,4.506590000000001,0,False,False,True
N#Cc1ccc(C(=O)c2ccco2)cc1,1,22.64,0.6942772208296825,4.57193,0,False,False,True
CC(C)(C)S(=O)(=O)c1nsc2ccccc12,1,24.26,0.7868700723977425,4.95364,0,False,False,True
CCCNC(=O)C(C)c1cccnc1,1,24.67,0.7887115290265623,4.72262,0,False,False,True
NCc1cccc(Cl)c1,1,16.74,0.6343479541352415,3.21601,0,False,False,True
Cc1cc(C)n(CC=Cc2c[nH]cn2)n1,1,24.16,0.8263046252084899,4.922610000000001,0,False,False,True
CC(N)Cc1cccc(Cl)c1,1,20.7,0.7222265638781171,3.79655,0,False,False,True
Cc1ccc2[nH]c3c(c2c1)C(=O)NCC3C,1,22.45,0.6941908315327863,4.64268,0,False,False,True
CC(C)(C)C(=O)c1ccccc1C(=O)O,1,21.94,0.7565374534579729,4.262409999999999,0,False,False,True
CC(C)(C)NCc1ccc(S(N)(=O)=O)cc1,1,20.67,0.8368360825543341,4.923439999999999,0,False,False,True
COc1cc(CCC(=O)O)ccc1O,1,18.01,0.7637575366936772,4.66202,0,False,False,True
Clc1nsnc1N1CCCC1,1,20.64,0.6747859176968658,4.1967099999999995,0,False,False,True
CC(N)C(=O)Nc1ccc(F)cc1,1,18.84,0.71944869343085,4.021979999999999,0,False,False,True
Cc1n[nH]c(=Nc2n[nH]cc2Br)s1,1,23.67,0.8151978057340438,4.9012,0,False,False,True
Cc1c(O)ccc2c1CCC2F,1,25.69,0.6277956265058574,3.6619499999999996,0,False,False,True
Cc1nc(-c2ccc(O)cc2)cs1,1,18.2,0.7514628704535836,4.21255,0,False,False,True
O=c1cc2n(c3ccccc13)CCC2,1,23.51,0.614500405297076,4.352259999999999,0,False,False,True
CN1CCN(c2ccccc2)CC1,1,14.93,0.6385626154918538,4.0626299999999995,0,False,False,True
c1ccc2c(c1)cc1n2CCNC1,1,21.9,0.6402199171315861,4.222309999999999,0,False,False,True
Cc1cc(-c2ccnc(C(=O)O)n2)co1,1,25.23,0.805755819928547,4.64185,0,False,False,True
COc1ccc(Cc2ncc(C)[nH]2)cc1,1,26.37,0.8289909743590024,4.92257,0,False,False,True
Cc1ccc(C)c(NC(=O)N2CCOCC2)c1,1,19.7,0.8087363965028586,4.8429899999999995,0,False,False,True
COc1cc(CO)cc2c1C(=O)C(C)(C)CO2,1,25.88,0.850131471137713,4.962669999999999,0,False,False,True
Cc1nnc2cccc(-c3ccco3)n12,1,22.68,0.6035552341049137,4.79213,0,False,False,True
CC(=O)c1cccc(-n2cc(C)ccc2=O)c1,1,22.73,0.7385892861728349,4.87263,0,False,False,True
CN(C)C(=O)C1(C(F)(F)F)CCCCC1,1,23.31,0.6687093524597892,4.232379999999999,0,False,False,True
COC(=O)c1ccc(-c2ccccc2)nc1,1,19.44,0.7194408221408095,4.8323599999999995,0,False,False,True
CCC(=O)c1cc(Cl)c(OC)cc1O,1,21.69,0.7872857596487132,4.546479999999999,0,False,False,True
CC(=O)NCCc1ccccc1Br,1,20.12,0.863761274654649,4.92116,0,False,False,True
CN1CCCC1COc1ccccn1,1,17.41,0.7262966235728063,4.822620000000001,0,False,False,True
COc1cc(C)oc2cc(=O)c(OC)cc1-2,1,23.63,0.7769132534654135,4.802239999999999,0,False,False,True
Cc1c(Cl)c(=O)oc2oncc12,1,26.4,0.6274662865943486,3.8556600000000003,0,False,False,True
COc1ccc2c(c1C)C(=O)OC2,1,20.16,0.6134991431180089,4.081869999999999,0,False,False,True
CCCC1(O)CC(=O)Nc2cc(F)ccc21,1,26.21,0.8067156568040311,4.83247,0,False,False,True
CCOC(=O)c1c(C)cc(=O)[nH]c1C,1,18.94,0.720405292615272,4.1521799999999995,0,False,False,True
C=C(CN)c1ccccc1Cl,1,19.98,0.7190380462772855,3.7763899999999997,0,False,False,True
Cc1nsc(C(N)c2ccccc2)n1,1,23.54,0.8142169593953894,4.65286,0,False,False,True
COc1cccc(-c2ncc[nH]2)c1,1,20.04,0.7564961438628316,4.342030000000001,0,False,False,True
O=C(O)CC1(c2ccccc2)CC1,1,18.48,0.7660636034161558,4.66215,0,False,False,True
CN(C)CCn1cccc1,1,20.36,0.6058031954375869,3.7821399999999996,0,False,False,True
NCC(O)Cc1cccc(Cl)c1,1,24.41,0.7437098467607879,4.256539999999999,0,False,False,True
O=S1(=O)Nc2cn[nH]c2C12CCCCC2,1,28.39,0.7016459810086084,4.772889999999999,0,False,False,True
CC1Cc2[nH]c3ccccc3c(=O)c2O1,1,24.41,0.7063826081837712,4.51225,0,False,False,True
COC(=O)c1ccc(Br)cc1,1,17.72,0.671136286139373,4.05046,0,False,False,True
O=C(O)c1nc2cc(Cl)c(Cl)cc2[nH]1,1,19.11,0.7919262595517491,4.610380000000001,0,False,False,True
Clc1ccc(Cc2nn[nH]n2)s1,1,23.78,0.7996843231443205,4.606540000000001,0,False,False,True
CCc1ccc(OCC(=O)O)cc1,1,18.6,0.7668173670595781,4.5020299999999995,0,False,False,True
c1ccc(-c2cccc3c2CCNC3)cc1,1,19.6,0.7609799183447133,4.89292,0,False,False,True
CCCCc1cnc(C#N)c(Cl)n1,1,19.59,0.7440807026881358,4.356529999999999,0,False,False,True
COc1ccc2ccc(=N)[nH]c2c1,1,18.14,0.6781932840978339,4.0420300000000005,0,False,False,True
Cc1ccc(C(=O)N=c2ccc(C)c[nH]2)cc1,1,20.42,0.7967954949316018,4.662790000000001,0,False,False,True
Cc1cccc(=NC(=O)c2ccccc2Cl)[nH]1,1,19.26,0.826278007342001,4.86697,0,False,False,True
N#Cc1sc2[nH]cnc(=N)c2c1C1CC1,1,23.99,0.7628042577937333,4.96269,0,False,False,True
CCOC(=O)c1c(SC)[nH]ccc1=O,1,23.96,0.6065349253411929,4.63258,0,False,False,True
CN=c1[nH]c(C)c(-c2ccccc2)s1,1,19.08,0.7393090794503773,4.342980000000001,0,False,False,True
CSc1n[nH]c(=O)n1-c1ccccc1,1,18.77,0.7546605142739714,4.67258,0,False,False,True
CC(C)(C)Cn1c(=O)[nH]c2ccccc2c1=O,1,20.94,0.8137729980802321,4.72283,0,False,False,True
OCc1ccnc(-c2ccccc2Cl)n1,1,23.42,0.8448481786189519,4.80659,0,False,False,True
O=C(O)Cc1c[nH]c2ccccc12,1,19.93,0.7306784882005591,4.35187,0,False,False,True
O=C(c1cccnc1)C1CCCC1,1,22.04,0.6460933537867132,4.352309999999999,0,False,False,True
N#Cc1ccc(-c2ccccn2)[nH]c1=O,1,22.39,0.748780632101109,4.27197,0,False,False,True
O=C(N=c1cc[nH]cc1)c1cccs1,1,18.19,0.7562088865482949,4.44254,0,False,False,True
Nc1snc2ncccc12,1,21.34,0.6165519207990374,3.51194,0,False,False,True
Cc1cc(C(=O)Nc2ccccc2)no1,1,19.16,0.8119586920717646,4.72213,0,False,False,True
NC1C(c2ccccc2)=Nc2ccnn21,1,27.73,0.7540145968864187,4.78229,0,False,False,True
N#Cc1c[nH]c(-c2cncc(F)c2)n1,1,23.95,0.7366335856828315,4.181649999999999,0,False,False,True
Cc1cc(=O)n2ncc(Br)c2[nH]1,1,19.81,0.7332602680315882,4.28049,0,False,False,True
OCC(c1ccccc1)N1CCCC1,1,19.71,0.7873812829505981,4.812739999999999,0,False,False,True
CC1CCc2cc3c(cc2C1=O)OCO3,1,22.14,0.6493791644567501,4.542249999999999,0,False,False,True
COc1cc(CC(C)C(C)N)ccc1O,1,21.93,0.7962590346760976,4.79289,0,False,False,True
Cc1[nH]c(=O)[nH]c(=O)c1Cc1ccc(F)cc1,1,20.01,0.8167746777363847,4.9422999999999995,0,False,False,True
CN(C)C1(c2cccs2)CCOCC1,1,19.15,0.744099966022292,4.7132999999999985,0,False,False,True
CNc1cccc(C#N)c1,1,21.25,0.6295612898628741,3.1216600000000003,0,False,False,True
CC1CCCCC1NCc1cccnc1,1,21.98,0.8185799589617369,4.94317,0,False,False,True
COc1cccc2c(CCN)c[nH]c12,1,19.17,0.7732205992409944,4.80246,0,False,False,True
c1ccc2c(c1)CNC1(CCCCC1)O2,1,20.51,0.6997382338835607,4.532849999999999,0,False,False,True
Cc1cc(C)nc(Oc2ccc(=O)n(C)n2)c1,1,22.48,0.7870559941832429,4.91255,0,False,False,True
Cc1cc(Oc2ccccc2)n(C)n1,1,23.79,0.7236653604901646,4.4823,0,False,False,True
COc1ccc(CN(C)C)c(C)c1O,1,25.34,0.7974995078372377,4.35262,0,False,False,True
O=C(O)c1cc(Cl)cc(Cl)c1O,1,17.28,0.7426057269933065,3.8701200000000004,0,False,False,True
O=c1[nH]c2ccc(Cl)cc2[nH]1,1,16.48,0.6156719308438598,3.68583,0,False,False,True
Cn1sc(-c2ccc(C(=O)O)cc2)cc1=O,1,24.18,0.8631844145358969,4.95264,0,False,False,True
O=C1NC2CCCCC2C1c1ccccc1,1,19.58,0.7657032246559461,4.952960000000001,0,False,False,True
O=C1OCc2cc(C(F)(F)F)ccc21,1,21.36,0.6034731208574089,4.121309999999999,0,False,False,True
O=C1CCC(c2ccc(C(F)(F)F)cc2)=NN1,1,20.28,0.8062716251192519,4.822,0,False,False,True
CC(=O)N=c1cc(-c2cc(C)cs2)[nH][nH]1,1,26.16,0.7578387822813232,4.612850000000001,0,False,False,True
CC1=NC(C)(c2ccc(O)cc2)CS1,1,27.81,0.7676731601249819,4.37298,0,False,False,True
COc1ccc(O)c2c1C(OC)OC2=O,1,25.75,0.7431666413581394,4.70185,0,False,False,True
Cc1cccc(=NC(=O)c2cccs2)[nH]1,1,18.9,0.782598687913154,4.58281,0,False,False,True
CC(CN)c1ccc(O)cc1,1,17.08,0.6716984443661732,3.61209,0,False,False,True
NCc1cccc(C2CCCNC2)c1,1,21.62,0.7432929309052598,4.5029,0,False,False,True
CCC(=O)Nc1ccc(Cl)cc1,1,18.96,0.7507168863241536,4.036379999999999,0,False,False,True
O=C(N=c1nccc[nH]1)c1ccc(Cl)cc1,1,18.64,0.8166964578270371,4.73658,0,False,False,True
CC1=NCOC(c2ccccc2)C1C(N)=O,1,24.95,0.812152848043662,4.78256,0,False,False,True
Cc1cc(=O)[nH]c2c1CCC(C(C)(C)C)C2,1,23.33,0.7147685877461794,4.293279999999999,0,False,False,True
CC(O)(c1ccccc1)C1(O)CCCCC1,1,21.16,0.803920517569138,4.803119999999999,0,False,False,True
NC(CCc1ccccc1)C(=O)O,1,16.51,0.7252197009842055,4.492189999999999,0,False,False,True
CC(=O)c1cc(-c2ccccn2)ccc1O,1,22.41,0.7800260061498014,4.73236,0,False,False,True
Cc1cnc2sc(S(C)(=O)=O)nc2c1,1,24.24,0.7399672847443849,4.582980000000001,0,False,False,True
Oc1ccc2c(c1)C1OCCCC1C2,1,20.13,0.6803950869455371,4.402419999999999,0,False,False,True
CCOc1ccccc1OC(F)(F)F,1,23.11,0.7563722933604724,4.561629999999999,0,False,False,True
O=C(O)c1ccccc1O,1,14.38,0.6102585058580265,3.1812199999999997,0,False,False,True
Fc1ccc(-n2cncn2)cc1,1,19.92,0.6358633209583795,3.93155,0,False,False,True
CN(C)CCc1c[nH]c2cc(O)ccc12,1,19.56,0.8020662375938549,4.94273,0,False,False,True
COc1ccc(-c2nc[nH]n2)cc1F,1,23.52,0.7879312180285687,4.53181,0,False,False,True
CC1(O)C2=C(CCC1O)c1occc1CC2,1,30.4,0.7016038119320549,4.702679999999999,0,False,False,True
CC1CC2CCCCCC2NC1=O,1,26.53,0.6088738509632199,3.8127900000000006,0,False,False,True
N=c1c2c([nH]c3ccccc13)CCC2,1,16.85,0.6294343917931512,4.342419999999999,0,False,False,True
CCNC(=O)c1cc(F)c(F)cc1OC,1,27.99,0.833285406855843,4.65199,0,False,False,True
CNC(=O)C(C)c1ccc(Cl)cc1Cl,1,22.57,0.8340051773771272,4.5211,0,False,False,True
CC(C)C(=O)Nc1ccc2ccn(C)c2c1,1,24.98,0.8224955167344296,4.86284,0,False,False,True
CC(C)NC(C)C(O)c1ccccc1,1,18.17,0.7672574161797151,4.632899999999999,0,False,False,True
N#Cc1cccc(OCC2CCCN2)c1,1,19.58,0.8108251214012291,4.92257,0,False,False,True
Cc1nn(-c2ccc(Cl)nn2)c(C)c1C#N,1,22.35,0.7533757663853339,4.636620000000001,0,False,False,True
Cc1cc(CO)c2c(C)[nH]nc2n1,1,25.18,0.6844288718514049,4.07207,0,False,False,True
COC(=O)c1ccc(OCC(C)C)cc1,1,20.05,0.7130550214557212,4.882569999999999,0,False,False,True
c1ccc2oc(N3CCCNCC3)nc2c1,1,21.22,0.7878940614244151,4.972720000000001,0,False,False,True
CCN(CC)c1cc(C)nc(=NC(C)C)[nH]1,1,23.28,0.8449580658897109,4.923360000000001,0,False,False,True
Fc1cccc(Cn2ccnc2)c1,1,18.02,0.6845013540915864,4.361940000000001,0,False,False,True
COc1cc2c(cc1OC)CC(N)CC2,1,17.95,0.7993064335431012,4.67273,0,False,False,True
COc1ccc2c(c1)C(C)CNCC2,1,17.93,0.732198380034749,4.21274,0,False,False,True
Cc1ccc2[nH]cc(CN(C)C)c2c1,1,20.85,0.7669832326996356,4.48274,0,False,False,True
O=c1[nH]nc(-c2ccccc2)o1,1,16.65,0.6807900784373654,3.92148,0,False,False,True
Cc1ccc2[nH]cc(CO)c2c1,1,20.97,0.6586614034343712,3.91204,0,False,False,True
CC(C)(C)c1ccc(O)cc1,1,17.18,0.6025012194870691,3.10221,0,False,False,True
CC(=O)Nc1cccc(Cl)c1C,1,18.75,0.7127082128669978,3.73638,0,False,False,True
CC(=O)c1ccc(OCC(C)C)cc1O,1,21.23,0.773540053756511,4.78257,0,False,False,True
COCC1=NC(c2ccccc2)CN1C,1,21.13,0.7485451149717753,4.94273,0,False,False,True
CCC(=O)Nc1ccc2nc(C)sc2c1,1,20.37,0.8450335548919001,4.90297,0,False,False,True
Cc1csc2nc(C(C)C)oc(=O)c12,1,24.08,0.7248143705422191,4.3927,0,False,False,True
CCN=c1cc(C#N)[nH]c(COC)c1C,1,29.07,0.8071245111646743,4.45261,0,False,False,True
CC(C)(C)NC(=O)C1Cc2ccccc2CN1,1,20.37,0.77219449391277,4.82327,0,False,False,True
Cc1ccc(C2(C)CC(=O)N(C)C(N)=N2)cc1,1,16.72,0.7935816992144644,4.61299,0,False,False,True
CC(N)Cc1ccc2c(c1)OCO2,1,17.95,0.7439354449633745,4.392189999999999,0,False,False,True
Fc1cccc(-c2nnn3c2OCC3)c1,1,26.73,0.707446718952049,4.85192,0,False,False,True
NCc1csc(-c2ccc(Cl)cc2)n1,1,20.4,0.852122487053613,4.847160000000001,0,False,False,True
Cc1ccc(O)c(C(=O)c2cccnc2)c1,1,19.77,0.7787119254793861,4.73236,0,False,False,True
CCC1CC1C1(C)CCC(=O)CC1O,1,39.21,0.7344588661835649,4.5629,0,False,False,True
N#CCSc1ccc(F)cc1,1,20.33,0.6315105808743428,3.77208,0,False,False,True
Cc1cccc(N=c2[nH]cc[nH]2)c1,1,19.52,0.6610683949227102,4.03219,0,False,False,True
CC(C)S(=O)(=O)Cc1cc(F)ccc1F,1,23.17,0.8037184501883882,4.74267,0,False,False,True
Cc1n[nH]c(C)c1CCc1ccccc1,1,20.13,0.8105120281007104,4.902850000000001,0,False,False,True
COc1ccccc1O,1,15.24,0.6127725486570803,3.04139,0,False,False,True
CNC(=O)C(C)c1ccc(CC(C)C)cc1,1,19.41,0.8285530063842969,4.9932799999999995,0,False,False,True
N#CC1=Cc2cccc3cccc(c23)C1=O,1,21.5,0.6630002379561198,4.552159999999999,0,False,False,True
Cc1nc(Br)sc1C(=O)O,1,21.83,0.7889608317379299,4.020630000000001,0,False,False,True
O=c1c(O)coc2ccc(O)cc12,1,21.7,0.6354873593320908,3.7814299999999994,0,False,False,True
Cc1[nH]cnc(=O)c1Oc1ccc(Cl)cc1,1,22.28,0.8718248395224043,4.96658,0,False,False,True
CC(=O)N1CC(=O)Nc2cc(Cl)ccc21,1,22.57,0.728542969284434,4.34647,0,False,False,True
COC(=O)c1ccnc2ccc(OC)cc12,1,19.8,0.721993130991255,4.87224,0,False,False,True
c1ccc(C23CCC(CCN2)C3)cc1,1,24.0,0.7124381687235775,4.67286,0,False,False,True
COc1ccc(C)c(NC(N)=O)c1,1,21.92,0.7238044962709113,4.00207,0,False,False,True
CC(C)CC(=O)NC1CC(C)(C)NC(C)(C)C1,1,20.14,0.7953878142101453,4.90391,0,False,False,True
O=C(Cc1ccccc1)N=c1cc[nH]cc1,1,17.72,0.8084438855247332,4.822519999999999,0,False,False,True
Cc1cccc2c3c([nH]c12)OCCC3,1,23.2,0.6736343368765179,4.37242,0,False,False,True
Cc1ccccc1-c1cc(C(=O)O)ccn1,1,21.75,0.8339855039923413,4.73236,0,False,False,True
CC(C)CCN1CCN=C1N(C)C,1,19.8,0.6558612610980193,4.332990000000001,0,False,False,True
Cc1cc(C(=O)NN2CCOCC2)cs1,1,20.65,0.8187530390755127,4.96301,0,False,False,True
Cc1nc(C(=O)N2CCCCCC2)cs1,1,21.64,0.733885255694537,4.64329,0,False,False,True
COc1cc(O)cc(O)c1C,1,17.66,0.6426378040244771,3.3416499999999996,0,False,False,True
NC(=O)NC(=O)Cc1ccc(Cl)cc1,1,21.47,0.7700832591148152,4.42636,0,False,False,True
O=C1CCCc2ccccc2N1,1,16.81,0.6188094761883465,3.6120400000000004,0,False,False,True
CC(=O)Nc1ccccc1C(C)C,1,19.17,0.7390199248318099,3.9724699999999995,0,False,False,True
Cc1ccccc1NC(=O)CCC(=O)O,1,19.45,0.7906349492189981,4.87229,0,False,False,True
Brc1ccc2c(c1)CNCC2,1,18.61,0.6938326085439759,4.120899999999999,0,False,False,True
NS(=O)(=O)c1ccc2ccc(Cl)cc2c1,1,23.0,0.831635062476076,4.71699,0,False,False,True
Cc1cc(C)n(CC(=O)N2CCCC2)n1,1,18.88,0.7286110596585862,4.7727699999999995,0,False,False,True
N#Cc1ccc2c(c1)CNC(C(F)(F)F)C2,1,21.82,0.7351951921928529,4.36201,0,False,False,True
CC(C)c1nc(C(C)(C)C)no1,1,19.36,0.6462972248064817,3.5824,0,False,False,True
Cn1c(=O)n(CCC#N)c2ccccc21,1,21.79,0.7338859881587833,4.61229,0,False,False,True
CCc1ccc2c(c1)C(=O)CC(C)(C)O2,1,20.2,0.7025594714901774,4.342689999999999,0,False,False,True
Cc1ccc(NC(=O)c2cnccn2)c(C)c1,1,20.76,0.8563138583407436,4.97267,0,False,False,True
CC(C)(C)c1ccc(N2CCOCC2)c(C#N)c1,1,23.55,0.761750539716219,4.84338,0,False,False,True
COc1cc(C(=O)C(C)C)ccc1O,1,21.13,0.7504215675420737,4.3423,0,False,False,True
Cc1[nH]c(=N)ncc1-c1ccccc1,1,18.43,0.6996667369163703,4.1523,0,False,False,True
COc1ccc(C=Cc2nn[nH]n2)cc1,1,21.18,0.8161621520701219,4.9221699999999995,0,False,False,True
Cc1[nH]c2ccccc2c(=O)c1CN(C)C,1,20.86,0.8319133960212995,4.762839999999999,0,False,False,True
CC12CC(C(=O)O)C(C1)c1ccc(O)cc12,1,24.26,0.759611394272272,4.982520000000001,0,False,False,True
CN(C)c1[nH]nc2cccnc12,1,21.75,0.680597753686928,3.9219600000000003,0,False,False,True
CC1=CC(C)Cc2cccc(O)c21,1,22.1,0.6407033733572473,3.7424299999999997,0,False,False,True
COc1cccc(C2=CC(=O)CCC2)c1,1,19.84,0.7367194878420784,4.622529999999999,0,False,False,True
Cc1[nH]c(=N)c(C#N)c(-c2cccs2)c1C,1,22.21,0.7755013084257856,4.5930800000000005,0,False,False,True
NCC1CC1c1cc(F)cc(F)c1,1,18.22,0.7454484180018293,4.43201,0,False,False,True
CCC(=O)NC1CCC(C)CC1,1,19.86,0.6734912969271588,3.8926799999999995,0,False,False,True
Cc1[nH]c(=O)[nH]c1C(=O)c1ccccc1,1,17.68,0.7194001646330515,4.62213,0,False,False,True
Cc1cc(=O)c2ccc(Cl)cc2[nH]1,1,17.94,0.685300454589421,3.93633,0,False,False,True
Cc1cc2[nH]c3c(=O)[nH]nc(C)c3c2cc1C,1,22.84,0.6188118986229262,4.77267,0,False,False,True
Cc1cnn(Cc2ccccc2)c1,1,18.01,0.6789186984966806,4.32231,0,False,False,True
CCC(=O)CCc1ccccc1,1,19.39,0.6647047921911411,4.3223199999999995,0,False,False,True
COc1nn2ccnc2c2ccccc12,1,21.9,0.6004290702895202,4.79213,0,False,False,True
O=C(OC1CCOC1=O)c1ccccc1,1,17.84,0.6811479576355907,4.76197,0,False,False,True
Oc1ccc(Cl)cc1-c1cc[nH]n1,1,19.07,0.7327362618006881,4.2462100000000005,0,False,False,True
O=c1[nH]c2ccccc2n1C1CC1,1,20.24,0.701111250942401,4.54203,0,False,False,True
Oc1cccc(C2CNCc3nccn32)c1,1,26.13,0.7530958120343533,4.95256,0,False,False,True
O=C(O)CCc1ccccc1O,1,18.49,0.7132847077406798,4.06176,0,False,False,True
CN(C)C(=O)n1sc2ccccc2c1=O,1,20.3,0.6790023551729863,4.42269,0,False,False,True
N=c1[nH]nc(-c2ccc(Cl)c(Cl)c2)s1,1,19.37,0.7980382896520396,4.76122,0,False,False,True
O=C(Nc1cccoc1=O)c1ccco1,1,22.71,0.8054807656483257,4.75169,0,False,False,True
CSc1c(O)oc(-c2ccccc2)cc1=O,1,19.17,0.8116076874000097,4.94276,0,False,False,True
O=C(O)c1ccc(F)c(C(F)(F)F)c1,1,21.24,0.7197484242668569,3.9811,0,False,False,True
NS(=O)(=O)c1cc(Cl)ccc1Cl,1,19.32,0.7906444195860755,4.060840000000001,0,False,False,True
Cc1ccc(S(C)(=O)=O)c(OC(C)C)n1,1,27.07,0.7892829935923258,4.693009999999999,0,False,False,True
Cc1oc2cccc(C)c2c1COC(N)=O,1,28.45,0.843848384256645,4.8923999999999985,0,False,False,True
Oc1ccc(-c2cnn3cccnc23)cc1,1,21.68,0.6701964674180526,4.912240000000001,0,False,False,True
Oc1ccc(C2CCOCC2)cc1,1,18.57,0.7145234900492224,4.08231,0,False,False,True
COC(=O)c1c[nH]cc1-c1ccccc1,1,21.05,0.7581906441541636,4.71225,0,False,False,True
CCCC(C(N)=O)c1ccccc1,1,19.9,0.7511400174978995,4.4724699999999995,0,False,False,True
CCC(O)c1cnc2ccc(C#N)cc2n1,1,29.03,0.8271935144359621,4.7324,0,False,False,True
Cc1cccc2c1NS(=O)(=O)C1CC21C,1,37.34,0.7284051732496896,4.73297,0,False,False,True
CCOC(=O)N=c1cc[nH]cc1,1,20.05,0.6780443396753078,3.6618,0,False,False,True
CC12CC3(CCNC31)Cc1ccoc12,1,31.18,0.6734179912233527,4.892580000000001,0,False,False,True
CC(C)(C)C(O)C(O)c1ccccc1,1,23.17,0.7567931572528972,4.14274,0,False,False,True
COc1ccc(C(C)C)cc1,1,17.37,0.6295361157096474,3.6022100000000004,0,False,False,True
CC1COC(C=Cc2ccc(O)cc2)O1,1,24.29,0.805508108416606,4.6624099999999995,0,False,False,True
O=C1C2CCCNC(C2)N1c1ccccc1,1,30.7,0.7753183869355023,4.96284,0,False,False,True
N#CC1=Cc2cc(Cl)ccc2CC1=O,1,21.65,0.6496800141491864,4.03628,0,False,False,True
COc1ccccc1OCCN(C)C,1,18.64,0.7125449722747149,4.95262,0,False,False,True
CC(C(=O)O)c1cccc(Br)c1,1,20.32,0.8457415428382786,4.39073,0,False,False,True
O=C(O)c1c[nH]c2cc(O)ccc12,1,20.63,0.618556288330897,4.0715900000000005,0,False,False,True
Cc1nc(=O)c2sc3cc(F)ccc3c2[nH]1,1,22.42,0.6494503344771316,4.84255,0,False,False,True
Cc1cccc2c(=O)cc[nH]c12,1,21.31,0.6246423480653273,3.59188,0,False,False,True
CCNC(=O)Nc1ccc(CC#N)cc1,1,20.79,0.7874498859332804,4.63245,0,False,False,True
Cc1ccc(C(=O)c2cnccc2N)cc1,1,23.46,0.7762563343402108,4.72252,0,False,False,True
CC(=O)CSC1=NCCCS1,1,24.04,0.6631216544858295,4.09305,0,False,False,True
CCN(C)c1cc(C)ncn1,1,22.21,0.63646681676628,3.61213,0,False,False,True
CCC1CC(C)(CC(=O)O)C(=O)CO1,1,28.09,0.7439298947960619,4.40234,0,False,False,True
Cc1cncc(Nc2cn[nH]c2)c1C,1,25.18,0.7589291323484159,4.482340000000001,0,False,False,True
N#Cc1cccc(C(=O)N=c2[nH]ccs2)c1,1,21.86,0.8079588146614919,4.692640000000001,0,False,False,True
CCNC(=O)Nc1ccc(Br)cc1C,1,22.17,0.8398321379157045,4.871309999999999,0,False,False,True
CCSc1n[nH]c(-c2ccccc2)n1,1,17.45,0.782949241738854,4.95286,0,False,False,True
c1ccc(-c2ncc[nH]2)cc1,1,15.88,0.6517443639878626,3.74177,0,False,False,True
Cc1nc(-c2cccc(F)c2)nc(C)c1N,1,23.66,0.7979219313206553,4.4724699999999995,0,False,False,True
CNC(=O)c1cc2cc(C#N)ccc2[nH]1,1,23.48,0.7284072472413812,4.39213,0,False,False,True
Cc1cc(O)cc(-c2ccco2)c1,1,21.85,0.7205584870464977,4.04199,0,False,False,True
CN1CCC(C#N)(c2ccc(Cl)cc2)CC1,1,17.35,0.7473241287700106,4.6472999999999995,0,False,False,True
Cc1cc2cc(O)ccc2c(=O)[nH]1,1,23.3,0.6377211515606305,3.75187,0,False,False,True
Cc1nc2cnccc2n(CCC#N)c1=O,1,23.21,0.74758875157979,4.742279999999999,0,False,False,True
Cn1c(C(=O)O)cc2oc3ccccc3c21,1,25.36,0.6783991208056079,4.9520800000000005,0,False,False,True
Cc1csc(C)c1-c1[nH]c(=N)ncc1F,1,28.94,0.7658076596206128,4.532760000000001,0,False,False,True
Oc1ccc(-c2ccc(F)cc2)c(O)c1,1,19.63,0.7493246738000715,4.3420000000000005,0,False,False,True
c1ccc(Oc2ccncc2)cc1,1,16.74,0.6926800626255551,4.31199,0,False,False,True
Cc1cccc2c1nc1n2CC(=O)NCC1,1,23.44,0.712786126068622,4.652559999999999,0,False,False,True
CC(=O)OCCC1(O)CCCC1,1,25.79,0.6514590105203396,4.222239999999999,0,False,False,True
CCCC(=O)c1cc(=N)[nH]c(C)n1,1,31.28,0.6838605353654412,4.1922299999999995,0,False,False,True
Nc1cc[nH]c1S(=O)(=O)c1ccccc1,1,22.55,0.8066003163596341,4.82269,0,False,False,True
CCc1ccccc1N=c1[nH]c(O)cs1,1,20.15,0.8025310966079497,4.80297,0,False,False,True
CC(=O)Nc1ccc2sccc2c1,1,21.29,0.7374185768440764,4.31255,0,False,False,True
Cc1nc(-c2ccccn2)c(C)s1,1,20.91,0.6906735221178908,4.20271,0,False,False,True
CC(=O)OCC1=CC(=CBr)OC1=O,1,22.43,0.6892334844556026,4.670439999999999,0,False,False,True
O=C(O)c1cc2ccccc2s1,1,17.41,0.7283170522070755,4.08212,0,False,False,True
CCc1n[nH]c(=NC(=O)C2CCC2)s1,1,19.92,0.8002753839192052,4.812899999999999,0,False,False,True
COC(=O)C1=CC2(CCCCN2C)CC1,1,28.7,0.6159606691311803,4.49289,0,False,False,True
CCC(=O)Nc1ccc2nc(C)oc2c1,1,24.28,0.817111358208121,4.742289999999999,0,False,False,True
NCC(CC(=O)O)c1cccs1,1,20.22,0.7419926011775659,4.552479999999999,0,False,False,True
CCOC(=O)c1c(C)cc(OC)nc1C,1,21.98,0.7130522075894484,4.5924499999999995,0,False,False,True
C=C(c1n[nH]c(=N)s1)C1(C)COC1,1,30.08,0.742631247470236,4.57263,0,False,False,True
Cc1[nH]c(=NCC(=O)O)c2ccccc2c1C,1,24.57,0.8253120953896794,4.9026700000000005,0,False,False,True
O=C(O)c1cc(=O)c2c(Cl)sc(Cl)c2[nH]1,1,22.79,0.8311306861185921,4.94089,0,False,False,True
CN1C(=O)c2cccc3cccc1c23,1,17.41,0.6138761008366853,4.3321,0,False,False,True
COC(=O)c1c(O)n(CC(C)C)c(C)cc1=O,1,25.31,0.8072449597807427,4.892709999999999,0,False,False,True
COc1ccc2ncccc2c1,1,18.03,0.6362244803453474,3.89188,0,False,False,True
CC(=O)Nc1cc(C)cc(C)c1,1,18.26,0.6756127009998775,3.5321999999999996,0,False,False,True
O=C(O)c1cc(=O)c2cc(C(F)(F)F)ccc2[nH]1,1,20.13,0.8226039389317406,4.97167,0,False,False,True
CSc1n[nH]c(-c2ccccn2)n1,1,20.21,0.7339850120909757,4.52247,0,False,False,True
NCC=Cc1cccnc1,1,19.46,0.6562999337255605,3.44182,0,False,False,True
CSC1=NCCN1C(=O)c1ccccc1,1,18.21,0.7233708865050557,4.7029700000000005,0,False,False,True
CCc1c(N(C)C)nc2ccccc2c1N,1,26.07,0.8362966226929596,4.753,0,False,False,True
O=C(O)c1ccc(N2CCOCC2)cc1,1,17.44,0.7918126323006194,4.67229,0,False,False,True
CC(C)CC(=O)C(C)(C)O,1,24.66,0.6492366265949829,3.3421399999999997,0,False,False,True
O=C1CC(CO)OC1c1ccccc1,1,21.43,0.7622114612328796,4.52214,0,False,False,True
COc1cc(O)cc(CCNC(C)=O)c1,1,19.46,0.7797119767446463,4.89245,0,False,False,True
c1ccc(C2=NOC3CCCOC23)cc1,1,22.97,0.698265824375356,4.83241,0,False,False,True
CC(C)N1CCN=C(NC(=O)OC(C)(C)C)C1,1,28.47,0.7589074925001835,4.6133500000000005,0,False,False,True
O=C1C=CC=CC(c2cccc(F)c2F)O1,1,24.9,0.6826491822461149,4.5219000000000005,0,False,False,True
O=C1OS(=O)N1Cc1ccccc1,1,26.2,0.7156699991440828,4.572150000000001,0,False,False,True
CCCC(=O)N1CCc2ccccc21,1,20.99,0.69909326561732,4.59258,0,False,False,True
N=c1[nH]n(Cc2ccccc2F)cc1Cl,1,21.01,0.7868134733822498,4.85654,0,False,False,True
Cc1ccc(C2(N(C)C)CCN(C)CC2)cc1,1,24.48,0.7727117463597936,4.92371,0,False,False,True
Fc1cc(F)cc(Cc2c[nH]cn2)c1,1,21.8,0.7801067859874272,4.5418400000000005,0,False,False,True
C=C1c2ccccc2SC1N,1,23.1,0.6334434890528923,3.6324499999999995,0,False,False,True
O=C(O)CSc1ccc(O)cc1,1,18.84,0.6999063685045926,4.24216,0,False,False,True
Cc1n[nH]c(-c2ccsc2)nc1=O,1,22.59,0.7399464045356825,4.23231,0,False,False,True
CNCc1coc2ccccc12,1,19.82,0.7296568918668284,4.21204,0,False,False,True
c1ccc2nc(N3CCNCC3)cnc2c1,1,17.42,0.7697746489249019,4.94272,0,False,False,True
Cc1cc(=N)nc(SC2CCCC2)[nH]1,1,21.61,0.7338282621213632,4.69318,0,False,False,True
CCNC(=O)Nc1ccc(F)c(Cl)c1,1,20.7,0.7841344891492329,4.466429999999999,0,False,False,True
c1ccc2[nH]c(N3CCOCC3)nc2c1,1,19.24,0.7612876104653546,4.83245,0,False,False,True
CCOC(=O)c1ccccc1Br,1,19.31,0.7283363370114976,4.490729999999999,0,False,False,True
CC1CC(CCN)Oc2ccccc21,1,23.78,0.7780532762648782,4.512740000000001,0,False,False,True
COC(=O)c1cc(Cl)c(Cl)c(C#N)c1,1,25.6,0.6964481956438755,4.2005,0,False,False,True
CCS(=O)(=O)Nc1ccc(C)c(C)n1,1,24.81,0.8282942554683415,4.5428999999999995,0,False,False,True
Cc1cnc2c(C(=O)O)nccc2c1C,1,26.81,0.7671381270204032,4.32213,0,False,False,True
CC=CC1=C(N(C)C)CC(=O)C1,1,25.98,0.6208769770498062,3.75236,0,False,False,True
CN1C(=O)C(O)C(C)(C)c2cscc21,1,25.21,0.7036637393465514,4.1128599999999995,0,False,False,True
NCc1ncc(Cc2ccccc2)o1,1,21.91,0.7975125232357653,4.782299999999999,0,False,False,True
Cc1ccn(Cc2ccccc2)c1O,1,20.97,0.7675320433311592,4.4724200000000005,0,False,False,True
O=C(O)c1cc(O)n(C2CC2)c1,1,20.15,0.6957978488974046,4.27164,0,False,False,True
CC(C)(CO)C(=O)Nc1c(F)cccc1F,1,24.94,0.8314870773840299,4.79226,0,False,False,True
Cc1csc(CNC(=O)C(F)(F)F)n1,1,23.0,0.8291207621082195,4.542069999999999,0,False,False,True
Cc1nc2oc3nc[nH]c3c(=O)c2nc1C,1,30.41,0.6072659926803577,4.661999999999999,0,False,False,True
COC(=O)C1=CCNCC1c1ccccc1,1,26.55,0.7623578810745695,4.87268,0,False,False,True
COc1ccc2cccc(C(=O)O)c2c1,1,20.38,0.8135097709983423,4.62209,0,False,False,True
Cc1cc(=NC(C)C(C)(C)C)n2nccc2[nH]1,1,24.53,0.8053691433985827,4.723310000000001,0,False,False,True
COc1cc(CCCO)ccc1O,1,18.03,0.7380598312115844,4.52219,0,False,False,True
O=C(N=c1cco[nH]1)c1ccccc1Cl,1,20.54,0.8024322452786704,4.62631,0,False,False,True
Cc1cc(=NC(=O)c2ccc(C)c(C)c2)[nH]o1,1,20.15,0.8165539519762772,4.70267,0,False,False,True
CCc1nc(=NC)[nH]c(C)c1Cl,1,24.61,0.7074564010698458,3.65658,0,False,False,True
N#Cc1[nH]c2ccccc2c1C(=O)O,1,24.14,0.7115450708659081,4.1617,0,False,False,True
CCN1c2cccnc2Nc2cccnc21,1,23.16,0.7886525195626006,4.922560000000001,0,False,False,True
CC1(C)OC2COC3OC(C)(C)OC3C2O1,1,18.86,0.6213081469208754,4.8026,0,False,False,True
CCc1ccc(CC2=NCCN2)cc1,1,18.18,0.768098415450228,4.78274,0,False,False,True
CC1(C)OCC(C(=O)C2CCCCC2)CO1,1,24.92,0.7255286512605016,4.863159999999999,0,False,False,True
O=C(O)c1cc(=O)c2cc(Cl)ccc2[nH]1,1,19.05,0.7755673412808033,4.536150000000001,0,False,False,True
Cn1c(=N)ccc2cc(Br)ccc21,1,21.23,0.7285853444689306,4.3709999999999996,0,False,False,True
Cc1cc(C)c(C#N)c(SCC(N)=O)n1,1,18.99,0.7762395350498223,4.61285,0,False,False,True
OCC(O)c1ccc(Br)s1,1,23.01,0.7977467054758861,4.33091,0,False,False,True
CCOc1ccccc1CCC(C)=O,1,20.79,0.7164224754310947,4.922579999999999,0,False,False,True
Cc1ccc2nc(-c3cnn(C)c3)cn2c1,1,22.82,0.6184198894143798,4.922560000000001,0,False,False,True
N=c1nc(-c2cc3cnccc3o2)cc[nH]1,1,23.09,0.6438929398398578,4.9221200000000005,0,False,False,True
CC1CC(O)(CC(=O)O)c2ccccc2O1,1,20.45,0.7957355303391105,4.8224,0,False,False,True
Cc1c(C2=NCCCS2)cc(C#N)n1C,1,23.71,0.7253591968291,4.493130000000001,0,False,False,True
COc1ccccc1CC(C)N,1,17.78,0.737728258256506,4.05236,0,False,False,True
CC(C)(C)OC(=O)n1nnc2ccccc21,1,19.88,0.6812549006895985,4.49244,0,False,False,True
NCc1cc(Cl)cc(Cl)c1,1,17.59,0.698117924161314,3.56046,0,False,False,True
COC(=O)C(C)NC(=O)Oc1ccccc1,1,21.58,0.785105582587928,4.93228,0,False,False,True
O=C(O)c1csc(OCC(F)(F)F)n1,1,25.42,0.854533342746435,4.77163,0,False,False,True
O=c1[nH]c2c(cc1Br)CCCC2,1,21.21,0.7233906772406228,4.280889999999999,0,False,False,True
O=C(O)C1CCCc2c1[nH]c1ccccc21,1,20.34,0.7679629517973371,4.952520000000001,0,False,False,True
Cn1cc(-c2cnc3ccccc3c2)cn1,1,20.72,0.6164772290469691,4.89252,0,False,False,True
CCCN=c1[nH]c2ccccc2s1,1,19.61,0.7571507138562762,4.52287,0,False,False,True
N=c1c2c([nH]c3ccc(F)cc13)CCCC2,1,18.59,0.6793890848070124,4.66259,0,False,False,True
N#Cc1nc(-c2ccccc2)oc1N,1,16.73,0.7343662484892688,4.151859999999999,0,False,False,True
CSc1nc2cc(C)c(C)cc2nc1C#N,1,25.61,0.7054360974982707,4.5930800000000005,0,False,False,True
COC(=O)C(CN)c1cc(Cl)cc(Cl)c1,1,22.79,0.8340666995484326,4.98109,0,False,False,True
O=C(O)c1cc2cccc3ccc(=O)n1c32,1,26.41,0.6673152874835339,4.93192,0,False,False,True
Cn1c(Br)nc(Br)c1Br,1,19.91,0.7189913010740304,4.687939999999999,0,False,False,True
OCc1ccnc(-c2ccccc2)c1,1,20.44,0.7779163470882697,4.452260000000001,0,False,False,True
COC(=O)c1ccc(C#N)c(F)c1,1,20.64,0.613332748221347,3.6915,0,False,False,True
CC(C)C(=O)OC1(C(F)F)CC=CC1=O,1,31.76,0.6772134979667438,4.681989999999999,0,False,False,True
O=C1OC(CO)CN1c1cccc(F)c1,1,19.8,0.7976571979938601,4.71192,0,False,False,True
Oc1ccccc1-c1nc2cccnc2[nH]1,1,19.78,0.6489581920040655,4.912240000000001,0,False,False,True
Cc1cc(C)[nH]c(=NC(=O)Nc2ccccc2)n1,1,18.83,0.8040468309082529,4.92282,0,False,False,True
Cc1ccc(NC(=O)n2ccnc2)cc1,1,20.49,0.7688808822788397,4.51229,0,False,False,True
Cc1cc(-c2ccc(O)cc2)no1,1,19.79,0.723168440600635,4.051869999999999,0,False,False,True
CCOc1ccccc1OCC#N,1,20.21,0.7058180604321649,4.47203,0,False,False,True
O=c1c(O)cccn1Cc1ccc(Cl)cc1,1,18.26,0.867703518188927,4.9567,0,False,False,True
c1cc(CC2CCCNC2)ccn1,1,18.9,0.7404091327350417,4.36263,0,False,False,True
O=C1Nc2cc(Cl)cnc2N2CCCC12,1,20.51,0.7276890909968725,4.73663,0,False,False,True
CCN=c1nc2c(c[nH]1)C(=O)CC(C)C2,1,20.02,0.7458490056860727,4.35261,0,False,False,True
CN1CCC(c2cccc(O)c2)CC1,1,17.33,0.7352761854590354,4.21274,0,False,False,True
N=c1sccn1Cc1cc(F)ccc1F,1,21.05,0.8141101957586283,4.86251,0,False,False,True
O=c1[nH]c(O)c(-c2cccc(C(F)(F)F)c2)[nH]1,1,18.78,0.7184971406446489,4.8417200000000005,0,False,False,True
CN(C)S(=O)(=O)n1ccc2ccccc21,1,20.81,0.7711883337492628,4.84285,0,False,False,True
N#Cc1ccc(C(N)C2CCCC2)cc1,1,25.8,0.7975920463204355,4.60285,0,False,False,True
CC(=O)c1c[nH]c(=Nc2cccc(C)c2)s1,1,23.03,0.7949757427336095,4.923080000000001,0,False,False,True
CC(C)(C)NC(=O)c1ccccc1,1,16.1,0.6997742316450446,3.77247,0,False,False,True
O=C(O)c1cc(Cl)cc(Cl)c1,1,16.2,0.7401842714593465,3.7101300000000004,0,False,False,True
Cc1ccc(C)c(N=c2nc(C)cc(C)[nH]2)c1,1,18.8,0.7992402974837431,4.57311,0,False,False,True
CCc1cc(C(=O)O)cc(C(C)(C)C)c1O,1,21.98,0.8084074968136958,4.422839999999999,0,False,False,True
COc1onc(-c2ccccc2)c1C,1,23.2,0.7280540785787462,4.49214,0,False,False,True
CCNCC1CN(C)c2ccccc2O1,1,20.5,0.8106862964636375,4.96289,0,False,False,True
COc1cc(O)c(-c2cc[nH]n2)c(O)c1,1,23.3,0.6952579738341558,4.66201,0,False,False,True
CC1(C)CN2C(=O)c3ccncc3NC2=N1,1,23.83,0.7060602665417476,4.66244,0,False,False,True
Oc1cccc(N2CCOCC2)c1,1,17.51,0.7034125823525216,4.09219,0,False,False,True
Cc1nc(-c2cccn2C)cs1,1,22.44,0.6555590637929103,4.082599999999999,0,False,False,True
CC(C(=O)O)C1CC(C)(C)CCC1=O,1,24.27,0.7388661647324009,4.0826199999999995,0,False,False,True
CCSc1ccc(CC(=O)O)cc1F,1,23.17,0.7825512877158539,4.842609999999999,0,False,False,True
O=C(NC1CCCC1)c1ccccc1,1,18.44,0.7598725928971954,4.59258,0,False,False,True
CC(C)c1nnc(-c2cc[nH]c(=O)c2)o1,1,25.16,0.8068327506261341,4.65217,0,False,False,True
COC(=O)c1cc(Cl)cc(Cl)c1OC,1,20.09,0.7390399193137419,4.55066,0,False,False,True
Oc1ccc(-c2nc3ccccc3[nH]2)cc1,1,17.1,0.6483532756419875,4.902360000000001,0,False,False,True
Oc1cc(F)c(C2CCC2)c(F)c1,1,22.43,0.7109703841410354,4.14185,0,False,False,True
CC(C)c1ccc(C(C)C)c(O)c(=O)c1,1,19.13,0.8072500819459455,4.16285,0,False,False,True
CC(C)NC(=O)N1CC2CSCC21,1,26.09,0.688452390393592,4.503069999999999,0,False,False,True
COc1ccc(CN)c(OC)c1OC,1,18.83,0.7868394421637319,4.67234,0,False,False,True
Fc1ccccc1Cn1ccnc1,1,18.86,0.6845013540915864,4.361940000000001,0,False,False,True
Cc1ccc(C)c2c1OC(C)(C)C2O,1,23.04,0.6840217834566086,3.92258,0,False,False,True
Cc1ccc(C(O)C(C)NC(C)C)cc1,1,20.63,0.7943873036805321,4.77317,0,False,False,True
CCNCc1ccc(Br)cc1,1,20.46,0.8147431378682272,4.54106,0,False,False,True
CS(=O)(=O)NC(=O)c1c(F)cc(F)cc1Cl,1,25.29,0.8803656047525356,4.896559999999999,0,False,False,True
Nc1cccn(Cc2ccccc2Cl)c1=O,1,23.32,0.8655404915885849,4.94686,0,False,False,True
N=c1[nH]cc(Cc2cccc(Cl)c2)[nH]1,1,19.98,0.6755697490915094,4.676640000000001,0,False,False,True
CC1(C)CN(c2cccc(Cl)c2)CCN1,1,21.77,0.7889113792898444,4.54735,0,False,False,True
Cc1nc2cccnc2n1-c1ccccc1,1,18.67,0.6166002455044157,4.89252,0,False,False,True
CC1CSc2cccc(C(N)=O)c21,1,26.86,0.7408692480842978,4.232709999999999,0,False,False,True
COC(=O)c1cc2cscc2oc1=O,1,26.41,0.6712313188725028,4.5021,0,False,False,True
N#Cc1nc(C2CCCC2)oc1N,1,20.61,0.7089672341918553,4.07207,0,False,False,True
CC(=O)NCc1ccc(Cl)cc1,1,19.19,0.7466161672726133,4.036379999999999,0,False,False,True
O=C(NC1CCCCC1)c1ccco1,1,19.2,0.7828962405841143,4.63246,0,False,False,True
O=C(N=c1[nH]ccs1)c1ccncc1,1,17.54,0.760370502594442,4.45242,0,False,False,True
Cn1c(=O)ccc2ccc(=O)n(CC(F)(F)F)c21,1,26.77,0.7726043542986497,4.98199,0,False,False,True
O=C1CCC(c2ccccc2F)CN1,1,23.04,0.7237986721122514,4.23221,0,False,False,True
O=C1C2CCCCN2CN1c1ccccc1,1,21.44,0.7148931997674172,4.962840000000001,0,False,False,True
Cc1cc(=O)c2ccc3c(c2o1)OCO3,1,20.67,0.6564179644859993,4.54181,0,False,False,True
Cc1csc2nc(-c3cccnc3)cn12,1,21.52,0.6244879082127902,4.952810000000001,0,False,False,True
CCCC1NNCCc2cn(C)cc21,1,31.47,0.7453049665645946,4.53294,0,False,False,True
c1cc(C2CCNCC2)ccn1,1,18.04,0.6773440168307495,3.9223600000000003,0,False,False,True
Cc1ncc(CN=c2cncc(Cl)[nH]2)o1,1,26.75,0.8399297182301557,4.84651,0,False,False,True
CN(C)C(=O)c1ccc(F)cc1,1,19.07,0.6207123130447689,3.57183,0,False,False,True
